Processors	Time in seconds
1	6.045128
2	17.621186
4	14.944945
8	12.342679
10	6.274449
16	4.855224
24	3.52855
32	2.556959
40	2.15
48	2.259759
56	2.00036
64	1.578709
