threads	time in seconds
1	8.871067
2	21.650911
4	11.574248
8	6.43895
10	4.473223
16	2.853744
24	2.134468
32	1.743896
40	1.230473
48	1.094107
56	1.216615
64	1.194077
