Processors	Time in seconds
1	6.137851
2	17.881593
4	8.373469
8	4.197094
10	3.48319
16	2.153418
24	1.628823
32	1.330842
40	1.058413
48	0.917474
56	0.673732
64	0.714545
