threads	time in seconds
1	8.872119
2	4.459313
4	2.239852
8	1.195037
10	0.989754
16	0.736382
24	0.523982
32	0.419555
40	0.327571
48	0.333948
56	0.273564
64	0.349753
