threads	time in seconds
1	8.878754
2	4.448177
4	2.243259
8	1.139227
10	0.957211
16	0.650185
24	0.511349
32	0.410062
40	0.350197
48	0.316514
56	0.261358
64	0.23644
