Processors	Time in seconds
1	6.197231
2	3.065182
4	1.580478
8	0.790218
10	0.633016
16	0.433889
24	0.339643
32	0.265679
40	0.220513
48	0.187879
56	0.178476
64	0.234025
